target,queries
athenian,athenean
imaginary,imagenary
continually,constinually
kleenex,klenex
stereotypes,sterotypes
medicine,medacine
atheist,athiest
achievements,acheivments|achivements|acheivements|achievments
guanine,gunanine
medieval,medevial|medeival|medievel
determining,determinining
explaining,explaning
consistent,consistant
myself,mysef
record producer,recordproducer
noticeably,noticably
anoint,annoint
back,bcak|bakc
officials,officals
Papanicolaou,Papanicalou
century,centruy
aggravate,agravate
suicidal,sucidial
proportional,poportional
this,thsi|tihs|htis
armament,armamant
husband,husban
murder,muder
undetectable,undetecable
correspond,corrispond
because,becouse|beccause|beacuse|baceause|becuase|becasue
genealogies,geneologies
developed,developped
knives,knifes
explicitly,explictly
interchangeable,interchangable
satellites,sattelites|satelites
quarantine,quarantaine
reinforced,reenforced
often,oftenly
Connecticut,Conneticut
renovating,rennovating
allophones,allopones
transportation,transporation
likud,lukid
Bonanno,Bonnano
unchallengeable,unchallengable
allege,aledge|alledge|alege
instrument,intrument
recruiting,recuiting
whereas,wherease|wheras
subtract,substract
broadcasting,broadacasting
writing,wirting
negotiation,negociation|negotation
palette,pallete
omitted,ommited|ommitted|omited
possess,posess
nowadays,nowdays
dissatisfaction,disatisfaction
junior,iunior
concerned,conserned
Wednesday,wendsay|wensday
detrimental,detremental
discover,dicover|disover
resembles,resembes
psychic,pyscic|psyhic
definite,definate|definit
capital,captial
comparisons,comparisions
available,avalable|availible|availble|avilable|availiable|availaible|availabe|avaliable
anthropology,anthropolgy
attitude,attitide
practitioners,practicioners|practioners
criticism,critisism
resembling,ressembling
athenians,atheneans
associated,assoicated|asociated
proclaimed,proclamed
acceptance,acceptence
sanctioned,santioned
parallels,parellels
desktop,desktiop
predictable,predicatble
having,hvaing
addressing,adresing|addresing
trilogy,triology
engineers,engieneers
phenomenally,phenomenonly
capable,capible
official,offical
reservoir,resevoir
accustomed,acustommed
pseudonym,pseudonyn
promiscuous,promiscous
weird,wierd
prove,proove
nutrient,nutritent
wasn't,wasnt
forehead,forhead
scarcity,scaricity
south,sourth
today's,todays
exclusively,exculsivly
atrocities,attrocities
surveil,surveill
accustom,acustom
resistible,resistable
communication,communiation|communciation|comminication
tomorrow,tommorrow|tommorow
vassals,vasalls
uninterrupted,uninterupted|uninterruped
coast,caost
quit,quitted
unbeknownst,unbeknowst
every time,everytime
argument,arguement
lively,livley
assertion,assertation
overshadowed,overshaddowed
misogyny,mysogyny
vagaries,vaguaries
persistence,persistance
occurrences,occurences|occurances|occurrances
vassal,vasall
crèche,creche
discovers,dicovers
withheld,witheld
assassin,assasin
cordial,coridal
professor,profesor|proffesor|professer
systematically,sysmatically
unsurprised,unsurprized|unsuprized|unsuprised
accommodation,accomodation|accomadation
rendezvous,rendezous|rendevous
strength,strenght|stregth
parallel,parralel|parrallell|paralel|parrallel|paralell
scholarship,scholarhip
thoroughly,throughly
mediciny,mediciney
unaccompanied,unacompanied
decide,deside
abandoned,abandonned|abondoned
contemporaneous,contemporaneus
categories,catagories
proportions,propotions
oeuvre,ouevre
commonly,commongly
commemorate,commemmorate
instance,instatance
indulge,indulgue
conservative,conservitive
shouldn't,shouldnt
interchangeably,interchangably
posthumous,posthomous
Blitzkrieg,Blitzkreig
concern,consern
calculator,calculater|caculater|calulater
gratuitous,gratuitious
provisional,provisonal
accessible,accessable
discovery,dicovery
terrestrial,terrestial
associates,assoicates
cartilage,cartilidge|cartilege
Cambridge,Cambrige
launched,launhed
pantomime,pantomine
undefinable,indefineable
arrangement,arrangment|arangement
millennial,millenial
wayward,wayword
signatory,signitory
downloads,dowloads
possessing,possesing|posessing
instrumental,intrumental
simpler,simplier
volunteering,volounteering|volonteering
Game Boy,Gameboy
really,realyl|realy|raelly|relaly
denigrating,denegrating
acceptable,acceptible
comfortable,confortable
mccarthyist,mccarthyst
relieved,releived
received from,receivedfrom
supplementing,suppliementing
materialist,materalists
unmistakably,unmistakeably
spectacular,spectauclar
understood,understoon
attendance,attendence
paleolithic,paleolitic
irreplaceable,irreplacable
management,managment
truly,truely
attended,attened
embezzled,embezelled
grateful,greatful
eels,eles
believed,beleived
strongest,stornegst
wonderful,wonderfull
height,hieght
existence,existince|existance
extremophile,extremeophile
performed,peformed
decomposed,decomposited
asymmetrical,assymetrical
colonies,collonies
foremost,formost
upanishad,tjpanishad
prolific,profilic
guarantee,gurantee|gaurantee|gaurentee|garantee|guarentee
collaborations,colaborations
reliant,relient
surrounds,surounds
demolition,demolision
improvements,improvments
achieving,acheiving
technicians,techicians
connotation,cannotation
Guinness,Guiness
reconciliation,reconcilation
unavailable,unavailible
1990s,ninties
execution,exection|excecution
assistant,assitant
disappointed,dissappointed
preparations,preperations
exaggerated,exagerated|exagerrated
emanated,eminated
demographic,demographical
propaganda,propoganda
precede,preceed
regulation,regulaion
zebra,zeebra
incorporated,incorportaed|incoroporated
neighborhood,neigborhood
population,popoulation
dilapidated,delapidated
descendants,decendants|descendands|decendents
largest,largst
Australia,austrailia
knowledgeable,knowlegeable
mortgage,morgage|mortage
messenger,messanger
governor,gouvener|governer
acquiring,aquiring|adquiring
Nazareth,Nazereth
relevance,relevence
Portuguese,portugues|Portugese
renowned,reknowned
visitors,vistors
Giuseppe,Guiseppe
including,incuding|includng|inlcuding
reliever,releiver
programmable,programable
exchange,excange
allegedly,allegedely|alledgedly|allegely|allegedy
jacques,jaques
persuade,pursuade
continuously,continously
triggered,triguered
furthermore,futhermore
souvenir,souvenier
subtracting,substracting
elicited,elicided
segues,seguoys
surprise,surprize|suprise|suprize
irresistible,iresistible|iresistable|irresistable
collection,collecton
dichotomy,dichtomy
control,controll
strikingly,strikely
thing,thnig|thign|hting
disposition,dispostion
extension,extention
enthusiastic,enthusiatic
believes,beleives
department,deparment
interest,intrest
empirical,emperical
oppression,opression
Napoleon,Naploeon|Napolean
manoeuvre,maneouvre
career,carreer
several,severeal
especially,especialy|expecially
fundamentals,fundametals
decomposes,decomposits
remember,remeber
know,knwo|konw|kwno|nkwo|nkow
threatened,threatend
arrival,arival
parakeets,parrakeets
numerous,numberous
taught,teached
milieu,mileau|mileu
retrieve,retreive
think,thiunk|htikn|thikn|tihkn|htink
supposed,suppoed|suposed
anomalous,anomolous
absorption,absorbsion|absorbtion
when,wehn|whn
different,diferrent|diferent|differnt|diffrent
reevaluated,revaluated
adherence,adherance
tobacco,tobbaco|tabacco
telephony,telphony
incompatibility,incompatablity|incompatability|incompatiblity
bizarre,bizzare
compensation,compensantion
altogether,alltogether
suppressing,supressing
incidentally,incidently|incidentially
contains,containes|countains
pilgrimage,pilgrimmage
corporate,corparate
sounds,soudns
exaggerates,exagerates|exagerrates
possibilities,possiblities
acknowledging,acknowledgeing
execute,excecute
correctors,correcters
reversal,reveral
highest,higest
earlier,ealier
incorporates,incorprates
survivors,survivers
proselytizing,proseletyzing
misfortunes,misfourtunes
defendant,defendent
apartments,appartments
intellectual,intelectual
archaeologists,archaelogists
census,cencus
geometers,geometricians
tennis player,tennisplayer
com,cmo
personal,peronal
flawless,flawess
exaggerating,exagerating|exagerrating
primitive,primative
succeeded,suceeded|succeded|succedded|succceeded
philosophical,philisophical|phylosophical
notwithstanding,notwhithstanding
quintessential,quinessential
strategies,startegies|stradegies
identifiers,identifers
temperature,temperture|temerature|tempertaure
differentiations,differentiatiations
soup,suop
canonical,cannonical
griddles,gridles
during,duting|durring|durig
restricted,resticted
attempting,attemting|atempting
targeting,targetting
authoritative,authoritive|authorative
allowed,alowed
resided,recided
military,miltary|millitary|miliary|miliraty
laboratory,labratory
stylus,stilus
descriptors,descripters
vulnerability,vulnerablility
transform,tranform
proliferation,preliferation
raucous,racaus
industry,inudstry
bestiality,beastiality
responsible,reponsible|responsibile|responisble
these,theese
hypocrites,hypocrits
peripatetic,peripathetic
competence,competance
submachine,submachne
Franciscans,Fransiscans
comprehensive,comphrehensive
fissionable,fisionable
little,littel
polyphonic,polyphonyic
north,noth
conquerors,conquerers
dispense,dispence
accordingly,acordingly
nurturing,nuturing
supposes,suposes
intuitive,intutive
irresistibly,iresistibly|iresistably|irresistably
satellite,satelite|sattelite
deceived,decieved
derived,deriviated|dirived
repentance,repentence
surrendering,surrundering
external,exerternal
subcategory,subcatagory
subsidiary,subsidary|subsiduary
poison,poisin|posion
replacement,relpacement
clinical,clincial
Phoenecian,Phonecian
structured,stuctured
millionaire,millioniare
upgraded,upgradded
occurred,ocurred|occured
stirs,stirrs
surface,surfce
opinion,oppinion
diamonds,diamons
representatives,representives
influential,influencial
laziness,lazyness
idiosyncrasy,idiosyncracy
cemeteries,cemetaries
satisfactorily,satisfactority
model,modle
colonnade,collonade
symmetrical,symetrical
Potsdam,Postdam
preferred,prefered
soundtrack,sountrack
useful,usefull
accommodated,accomadated|accomodated
modem,moderm
calendars,calenders
agreeing,agreing
universal,univeral
protuberance,protruberance
not,nto
crown,crowm
subsequently,subsquently
accused,accussed|acused|acccused
another,anohter
candidate,candiate|candidiate|candadate
commercially,commerically|commericially
horrifying,horrifing
apprehensive,aprehensive
sacrifice,sacrafice
abseiling,absailing
away,awya
parliament,parliment
find,fidn
warriors,warrriors
hippopotamus,hipopotamus
unsuccessful,unsucesful|unsucessful|unsuccesful|unsuccessfull|unsucessfull
occur,ocurr|occour|occurr
help,halp
octahedron,octohedron
formed,fomed|fromed
inadequate,inadquate|inadiquate
double,doulbe
improving,inproving
catholicism,catholocism
beginner,begginer
mathematically,mathmatically
now,nowe
knows,konws|knwos
reigning,reigining
varying,varing
concerning,conserning
usefully,usefuly
transmissible,transmissable
becoming,becomming|becomeing
manufactured,manufatured|manufacturedd
admission,addmission
lonely,lonley
challenging,chalenging
administrator,adminstrator
predecessor,precedessor
cannot,cannnot
up to,upto
rudimentary,rudimentatry
liaisons,liasons
obsessed,obssessed
miniature,minature
emissions,emmisions
hindrance,hinderance|hinderence|hindrence
successive,sucessive|succesive
and,adn|anbd
monotypic,montypic
unbelievable,unbeleivable
restaurant,restaraunt|resturaunt|restarant|restauraunt|resaurant|resturant|resteraunt
tomatoes,tomatos
muslim,muhammadan
conditions,condidtions
emanate,eminate
saxophone,saxaphone
shadow,shaddow
reorganisation,reorganision
oxymoron,oximoron
you,ytou|yuo
belief,beleif
journeyed,journied
graceful,gracefull
commemorated,commmemorated
supplanted,surplanted
coming,comming
recognize,recogize
grammar,grammer
plantation,planation
contributed,contibuted
characteristic,charactersistic
service,sevice
mammalian,mamalian
hemorrhage,hemmorhage
infringement,infrigement
incunabula,incunabla
deteriorating,deterioriating
square,sqaure
apartment,appartment|aparment
receiving,receving|recieving
allegiance,allegence|alegience|allegience
paraphernalia,paraphenalia
diplomacy,diplomancy
transferred,transfered
constitution,consitution|constituion|costitution
nuisance,nuisanse|nusance
controls,controlls
hieroglyph,hieroglph
carnivorous,carniverous
inadvertently,inadvertantly
pronunciation,pronounciation
constant,constatn
initial,intial|inital
embargoes,embargos
two,twpo
support,wupport
accommodates,accomadates|accomodates
search,seach
disarray,dissarray
chemical,chemcial
conspiracies,conspiracys
automatically,automaticly
consummate,consumate
monikers,monickers
pastoral,pastural
destinations,desinations
believing,beleiving
victories,vitories
defensively,deffensively
archaeology,archaelogy
doctrines,doctines|docrines
every,eveyr
successor,sucessor|sucessot
insensitive,insensative
languages,laguages
any other,anyother
deteriorate,deteriate
mirrored,mirrorred
yousef,youseff
acquainted,accquainted|aquainted
accommodating,accomadating|accomodating
mountainous,montanous
blame,blaim
decidedly,decidely
intelligent,inteligent
mackerel,mackeral
perceived,percepted|percieved
prominent,prominant
omelette,omlette
literature,literture|litature
manoeuvred,maneouvred
resemblance,ressemblence|resemblence|ressemblance|resembelance
mainly,mailny
leibniz,leibnitz
messaging,messenging
respectively,respectivly|repectively|repsectively
believe,belive|beleive
opposed,oppossed
stories,storeis|storise
interrupt,interupt
archimedean,archimedian
anoints,annoints
souvenirs,souveniers
optimizations,optmizations
Puerto Rican,Puertorrican
commemorates,comemmorates
extraterrestrials,extraterrestials
gratefully,greatfully
experienced,experianced
friendly,freindly
contributes,contibutes
disoriented,desoriented
mysterious,mysterous|misterious|misteryous
reportedly,reportadly
ninth,nineth
attempted,attemted|attemped
maintaining,maintinaing
unconsciousness,unconciousness
plebiscite,plebicite
conjecture,conjecutre
takes,tkaes
competent,compitent|competant
retaliated,retalitated
testicular,testiclular
unusable,unusuable|unuseable
disappeared,dissapeared|disappearred|disapeared
nevertheless,neverthless
friend,freind
last,lsat|lastr
Bernoulli,Bernouilli
masturbation,masterbation
documentary,documenatry
Buddhist,Buddist
chemically,chemcially|chemicaly
foundry,foundary
recipient,recepient|recipiant
presence,presense
broadcast,broacasted
surprised,suprized|surprized|suprised
monolithic,monolite
broadly,broady
level,levle
architectural,architectual|archetectural
conditions of,conditionsof
officers,offcers
speeches,sppeches
found,foudn
playwright,playright|playwrite
hero,heroe
recuperate,rucuperate
troupe,troup
integrated,intergrated
residents,recidents
marriage,marrage|marraige|mariage
avalanche,avalance
taste,tast
vehicle,vehicule
manoeuvres,maneouvres
infiltrated,infilitrated
uncertainty,uncertainity
unsurprisingly,unsuprizingly|unsurprizingly|unsuprisingly
nickel,nickle
consequences,consequeseces
surrounding,surrouding|surounding|sorrounding
commission,commision|comision|comission
facilities,facilites
exempt,exampt
naturally,naturually|naturaly|naturely
proposition,propostion
disappearing,dissapearing
historians,historicians|hsitorians
paid,paide|payed
millennialism,millenialism
Zionist,Sionist
does,doens
ending,endig
executing,excecuting
amalgamated,amalgomated
fungi,funguses
heritage,hertiage
excels,excells
pollinator,polinator
Cincinnati,Cincinatti|Cincinnatti
governance,goverance
rhyme,rhymme
refers,refrers|referrs
nightfall,nightfa;;
guttural,guttaral|gutteral
weaponry,weaponary
numbers,munbers
aberration,aberation
architects,archetects
expeditions,expiditions
assume,asume
northern,northen|nothern|norhern
pejorative,perjorative
repentant,repentent
hydrophobe,hydropobe
group,gropu
problem,probelm
application,aplication|applicaiton
mathematicians,matheticians|mathmaticians
assemble,assemple
obstructed,obstruced
longitudinal,longitudonal
inconsistent,inconsistant
commissioning,commisioning|comissioning|comisioning
primitively,primatively
instruments,intruments|instuments
peninsula,pensinula|penninsula|pennisula|penisula
disappear,dissapear|dissappear
untranslatable,untranslateable
encouraging,encouraing
polluted,poluted
bemusement,bemusemnt
popular,populer|populare
inability,inablility
inefficiently,inefficienty
Missouri,Misouri
academic,acadmic|acedemic|accademic
insistence,insistance
minuscule,miniscule
arbitrarily,arbitarily
volunteered,volounteered|volonteered
show,sohw
bellwether,bellweather
infantryman,infrantryman
embarrass,embarras|embarass
publicly,publicaly|publically
disagreed,disagreeed
association,assocation
brilliant,briliant|brillant
library,libary
peninsular,penisular|penninsular
inaugurated,inagurated
metallurgic,metalurgic
attention,attension
recurring,reccuring|reaccurring|recuring
than,tahn|thna
entrusted,intrusted
Tucson,Tuscon
admissible,admissable
standards,standars
propagates,propogates
as far,asfar
was,wass|weas
transition,transistion
sponsor,sponser
incompatibilities,incompatablities|incompatabilities|incompatiblities
intelligence,inteligence
ancillary,ancilliary
originally,originaly|originnally|originially|orignally|origanaly|orignially|orginally
averaged,averageed
inoculated,innoculated
conceited,concieted
succeeds,succeds|suceeds
harassing,harrassing|harrasing
cellpadding,cellpading
Giulia,Guilia
committed,cornmitted|comited|comitted|commited
minimum,minumum
recognise,recogise
lying,lieing
independence,indepedence|independance|indipendence|independece
illogical,ilogical
that,tath|tyhat|taht|thgat|thta|thyat
committee,committe|comittee|commitee
suppressed,supressed|surpressed
priesthood,priestood
republicans,repubicans|repulicans|repblicans|republians
Philippines,Phillipines|Philipines|Phillippines
however,howver
desiccated,dessicated
disproportionate,disproportiate
each,eahc
adhering,adhearing
apart,appart
sculptures,scuptures
prestigious,prestigous|prestigeous|presitgious
disappointing,disapointing
engineer,engieneer|engeneer
dissolved,disolved
galactic,galatic
survived,survivied
sovereign,soverign
manifestations,manisfestations
religiously,religously
metaphorical,metaphoricial
mathematician,mathematican|mathmatician
undoubtedly,undoubtely
succession,succesion|sucesion|sucession
attain,atain
sophomore,sophmore
pollutes,polutes
passersby,passerbys
subconsciously,subconsiously
delirious,delerious
aside,asside
created,creaeted
correspondent,corrispondant|correspondant
purchasing,puchasing
aircraft,airrcraft|aircaft|aicraft|aircrafts
necessary,neccessary|necesary|nessecary|neccesary
coincided,co-incided
interpretor,intepretator
inseparable,inseperable
subspecies,subpecies
convenient,conveinent|convienient
using,useing
similar,simmilar|similiar
bombardment,bombardement|bombarment
fanaticism,fanatism
haemorrhage,haemorrage
month,mounth
unfortunately,unfourtunately|unfortunatley|unfortunatly|unforetunately
doing,donig|doign
heterogeneous,heterogenous
levitating,levetating
restaurateur,restaraunteur
bergamot,bergamont
neighbourhood,neigbourhood
since,sicne
inaugurates,inaugures
unsurprising,unsuprizing|unsuprising|unsurprizing
excellence,excellance
disobedience,dissobediance|dissobedience|disobediance
suffrage,sufferage
required,recquired|requred
calculate,caluculate|caluclate|calulate
sufficiently,sufficently
endeavors,endevors
Franciscan,Fransiscan
predictions,predicitons
symptoms,sypmtoms
hit singles,hitsingles
misspelling,mispelling
should,shoudl
Giulio,Guilio
brimstone,brimestone
excludes,exludes
schedule,schedual
terrorist,territorist|terroist
displease,unplease
include,includ
acclimatization,acclimitization
proper,propper
exchanging,exchanching
against,againnst|aginst|agaisnt|agains|aganist|agianst
involvement,involvment
unrepentant,unrepentent|unrepetant|unrepetent
uninhabited,unihabited
accordion,accordeon|accordian
archetype,archtype
discuss,descuss
fundamental,fundametal
distributed,ditributed
suppresses,supresses
changeable,changable
implementing,implamenting
agree,agre
dispensing,dispencing
pineapple,pinapple|pinnaple
municipalities,muncipalities
solely,soley
sophisticated,sophicated|suphisticated
disintegration,desintegration
assaulted,assualted
existed,excisted
irritated,iritated
exerted,extered
defined,deffined
moment,moent
delves,devels
facilitated,faciliated
artillery,artillary
equilibrium,equilibium|equilibrum
requirement,requirment
traditional,traditionnal
thereby,therby
maintenance,maintance|maintainance|maintenence|maintainence
tyranny,tyrrany|tyrany
superintendent,superintendant
didn't,didnt
psychology,psycology
Gottlieb,Gottleib
either,eiter
business,bussiness|busness|buisness
seizure,siezure
ceremonial,cerimonial
commitment,committment
description,descripton
Carmelite,Carmalite
constituencies,consituencies
compatibilities,compatablities|compatabilities|compatiblities
election,elction
adopted,addopted
youtube,yotube
helmet,helment
attempt,attemp|attemt
focus,foucs
judiciary,judisuary
unofficial,inofficial|unoffical
refrigeration,refridgeration
prohibition,prohabition
formerly,formelly
perspective,prespective
despicable,dispicable
pavilion,pavillion
provision,provisiosn
immunosuppressant,immunosupressant
pilgrimages,pilgrimmages
forward,foward
Carthaginian,Carthagian
fluorescent,flourescent|florescent
with,witn|wiht|wtih|whith|withh|witht|iwth|wih
consider,concider|consdider
poetry,peotry|poety
questionable,questonable
limits,lmits
congressional,congresional
authorities,authoritiers|authrorities|authorites
tremolo,tremelo
influenced,influented
roommate,roomate
shopkeepers,shopkeeepers
Saturdays,Saterdays
histocompatibility,histocompatability
consent,conscent
restoration,restauration
anomalies,anomolies
substantial,substatial|substancial
necessarily,neccesarily|necesarily|nessasarily|neccessarily
also,aslo|alsot
lifetime,liftime
genealogy,geneology
comparable,comprable
levitated,levetated
prominently,prominantly
anniversary,aniversary
syrup,syrap
typical,typcial
Haitian,Hatian
eligible,eligable
prominence,prominance
unlikely,unlikey
fontier,fontrier
newsletters,newletters
abandons,abondons
imitator,immitator
research,reasearch
foreign,foriegn
renters,rentors
facilitates,faciliates
commandos,comandos|commandoes
going,goign|gonig
possibility,possibilty|possiblility|possiblilty|possiblity
existent,existant
patience,paitience
proceedings,procedings
soldiers,soilders|soliders
octahedral,octohedral
journal,jorunal
peoples,poeoples
Gandhi,Ghandi
subjugation,subjudgation
use,uise
European,Europian|Eurpoean|Eurpean
indictment,indictement
prerogative,perogative
rigorous,rigourous
arrogant,arogant|arogent
industrial,indutrial
yearly,yaerly
UnitedStates,UnitesStates
Fomalhaut,Formalhaut
toward,towrad
Premonstratensians,Premonasterians
university,univesity|univerity|unviersity|univeristy|universtiy
applications,applicaitons
delegates,delagates
losing,loosing
occurrence,ocurrence|occurrance|occurance|ocurrance|occurence
year,yaer|yearm|yera
motivated,motiviated
magnificent,magnificient
rechargeable,rechargable
federally,fedreally
excel,excell
pursued,persued
aligned,alligned
warrant,warrent
coincidentally,coincedentally
Judaism,Juadism|Juadaism
acquaintances,acquiantences|acquaintences
controlled,controled
simultaneous,simultanous
nonetheless,nontheless
profession,proffesion
interference,interferance
ingredients,ingreediants
conjunction,conjuction
besiege,beseige
referred,reffered|refered
specimen,speciman
basically,basicaly|basicly
probably,probaly|probablly
amend,ammend
architecturally,architechturally|archetecturally
supply,suppy
levitates,levetates
conversion,convertion
annual,anual
emission,emision|emmision
some,smoe|soem
member,memeber
conceived,concieved
openness,openess
infectious,infectuous
impolite,inpolite
magnolia,magolia
swept,swepth
concentrate,consentrate
relationship,relatiopnship
technician,techician|technitian
insurance,insurence
slowly,slowy
unsubstantiated,unsubstanciated
running,runing|runnung
name,nmae
describe,discribe|decribe
reconnaissance,reconaissance|reconnaisance|reconnaissence
gardaí,gardai
residential,residental
pumpkin,pumkin
accomplish,acomplish
representative,representive|represantative
until,untill
speech,speach|sprech
vicinity,vincinity|vacinity
illegitimacy,illegimacy
homogenize,homogeneize
movie,movei
abilities,abilties
indigenous,indigineous
reaching,reacing
progressed,progessed
foresaw,forsaw
irritable,iritable
occasion,ocasion|occaison|occassion|ocassion
galvanized,galvinized
Celsius,Celcius
swimming,swiming
separation,seperation
making,amking|mkaing
practically,practicly|practially|practicaly
proclaiming,proclaming
proximity,proximty
inflamed,enflamed
deteriorated,deteoriated
dimensional,dimesnional|dimentional
describing,decribing|discribing
phenomenon,phenomonenon|phenomenom|phenomonon
intervenes,intervines
bilingualism,billingualism
negotiations,negociations
contender,contendor
templates,tempaltes
accompanied,accompanyed
article,artcile|articel|artical|artice
sufficient,sufficent
inferred,infered
efficient,efficent|effecient
auxiliaries,auxilliaries|auxillaries
unchangeable,unchangable
contemporaries,contamporaries
initially,intially|initally
approximate,aproximate|approproximate
elementary,elementay|elimentary
proprietary,propietary|proprietory
drink,drnik
sergeant,sargeant|sergent|sargant
varieties,varities|vaieties
geographical,geographicial
important,importamt
specifying,specifiying
colleague,collegue
analogous,analagous|analogeous
expels,expells
premiered,premeired
politician,politican
conqueror,conquerer
governmental,govormental|govermental
extremely,extemely|extremly|extrememly
love,loev|lvoe|lveo
linguistics,libguistics
software,sofware
exceeded,excedded
well,vell
indefinitely,indefinately|indefinitly
amended,ammended
occasions,occassions|ocassions|ocasions
light year,lightyear
despite,dispite
arose,arised
larvae,lavae
attorney,atorney
hospitable,hospitible
scrutiny,scrutinity
discovered,dicovered
resident,recident
fulfill,fufill|fullfill
institutionalized,instutionalized
churches,churchs
opponent,oppononent|opponant|oponent
imitating,immitating
particular,particualr|parituclar|paticular
meerkat,meerkrat
impeach,inpeach
concept,consept
enmity,emnity
buoyant,boyant|bouyant
additional,additonal|addtional
headquarters,headquaters
practitioner,practioner|practicioner
northeastern,northereastern
brief,breif
moroccan,morroccan
kindergarten,kindergarden
liaison,liason|liasion
openly,oppenly
natural,naturual
addressed,addresed|adressed
resurrected,ressurected
company,comapany|comany
propagate,propogate
recommends,recomends
things,thigns|thigsn|thnigs
Australian,austrailian
suppress,supress|surpress
increased,inclreased
receivers,recievers
hydrogen,hydogen
have,ahev|ahve|hvae
senior,seinor
again,agin|agian
ministries,minstries
obedience,obediance
Rockefeller,Rockerfeller
makes,mkaes|makse
country,ocuntry
tremolos,tremelos
reformist,refromist
Johannine,Johanine
symphony,synphony
wrote,wroet
criticising,critisising
excerpts,exerpts
percentage,precentage
goddesses,godesses
unilaterally,unilatreally|unilateraly
philosopher,philisopher|philospher
circumcision,circumsicion
sneeze,snese
beachhead,beachead
portrayed,potrayed|protrayed|portayed
comparative,comparitive
hydrophile,hydropile
surrounded,surounded|surronded|surrouded
villain,villian
rhythms,rythyms
consensus,conesencus|concensus
acoustic,accoustic
exalted,exhalted
extravagant,extravagent
miscellaneous,miscelaneous|miscellanious|miscellanous
aesthetical,asthetical
commissions,comisions|commisions|comissions
environment,enviornment|enviorment|enviroment
battleship,cattleship
engineering,engeneering
critical,crtical
Caribbean,Carribbean|Carribean
humoral,humoural
puritanical,puritannical
constituted,consituted
musicians,muscicians
protocol,protocal
eclectic,ecclectic
tormentors,tormenters
experience,expierence|experiance
emblematic,emblamatic
geometer,geometrician
bodybuilder,bodydbuilder
mass media,massmedia
consecutive,consectutive
beneficial,benificial
republics,republis|repblics|repubics|repulics
receded,receeded
assassinate,assisnate|assasinate
worldwide,wordlwide
constituency,consituency
substance,substace
willingness,willingless
disagreement,dissagreement
abundances,abundacies|abundancies
attribute,atribute
character,carachter|charactor|charachter|chracter
visiting,visting
renewal,renewl
rose,rised
unprecedented,unprecendented|unprecidented
taxonomy,taxanomy
territories,terriories
underground,undreground
referenced,refereneced
searched,seached
addresses,addressess
align,allign
severely,severley|severly
anonymity,anonimity
satiric,satric
tornado,tornadoe
referring,referiang|refering|reffering
valuable,valuble|valueable
category,catagory
entertaining,intertaining
apology,appology
etc,ect
equivalent,equivilant|equivilent|equialent|equivelant|equivelent|equivlalent
vigilance,vigilence
satirical,satrical
civilian,civillian
detached,detatched
reliability,reliablity
indisputable,indisputible
scientist,scientis
manoeuvring,maneouvring
three,threee
grief,greif
strategy,stradegy|startegy
wardrobe,wardobe
left,lefted
copyright,copywrite
unauthorised,unathorised
slaughterhouses,slaugterhouses
possible,possibile|possable
ethnocentrism,ethnocentricm
strong,stong
amendment,ammendment|admendment|amendmant
exercise,excercise|exersize
arguments,arguements
deciduous,ecidious
criticisms,critisisms
tendency,tendacy|tendancy
completion,completetion
jewellery,jewllery
adversary,advesary
induce,enduce
competitions,compeitions
aerodynamics,areodynamics
would,woudl|owudl
organisation,organistion
departmental,deparmental
iconoclastic,iconclastic
entrepreneur,entrepeneur
soviets,soveits
unnoticeable,unoticeable
affair,afair
according,acording|accoring
among,amung|amoung
expeditionary,expeditonary
enlargements,enlargments
Libya,Lybia
achieved,acheived
belligerent,belligerant
corresponding,correposding|correponding|corrisponding
story,sotry|stopry|stoyr
unforgivable,unforgiveable
compulsory,compulsary|compulsery
credence,creedence
beneficiary,beneficary
episodes,epidsodes
offered,offred
yachting,yaching
wherever,whereever
bananas,banannas
searches,seaches
cylinder,cyclinder
temperate,temparate
guaraná,gauarana
undesirable,undesireable
instead,instade
months,monts
references,referencs|referemces|rferences|refereces|refernces|refrences|refereneces|referrences
androgyny,androgeny
academy,acadamy|accademy
bureaucratic,beaurocratic
diabolical,diablical
manufacturing,manufaturing
exceptional,exeptional
quizzes,quizes
conspirator,conspiriator
prompted,propmted
traditionally,tradtionally|tradionally|traditionaly
statements,statememts
additionally,additinally|additionaly|additonally
martyred,marrtyred
function,fucntion|funtion
consequently,consenquently|consequentually
properly,propperly
January,Janurary|Januray
temperament,temperment
Caesar,Ceasar
connection,conection
consultant,consulant
married,marryied
mutilated,mutiliated
ensconced,ensconsed
hilarious,hillarious
responsibility,responsiblity|responnsibilty|responsability
hierarchical,hierarcical|hierachical
alienating,alientating
automobile,automibile
adoptive,addoptive
condition,condidtion
asteroid,asteriod
hieroglyphs,hieroglphs
expel,expell
Flemish,Flemmish
decomposing,decompositing
division,divison
attendants,attendents
spontaneous,spontanous
reversible,reversable
written,writen
nesting,nestin
relations,realtions
soluble,soluable
while,hwile
circuit,ciricuit|circut|curcuit
indisputably,indisputibly
disobedient,dissobediant|dissobedient|disobediant
Gothenburg,Gothenberg
elected,ellected
entrepreneurs,entrepeneurs
collaborative,collaberative
listeners,listners
Queensland,Queenland
extensions,extentions
begins,beggins
receipt,reciept
safety,saftey|safty
airport,aiport
multiplied,multipled
unconventional,unconvential
possibly,possably
significantly,signifigantly|signifantly|significently
extremist,extermist
departments,deparments
station,staion
cyan,cxan
commemorative,commerorative|commemerative
council,coucil
admittedly,admitedly
hieroglyphics,heiroglyphics
to the,tothe
wrestlers,wresters
annihilation,anihilation
amount,ammount
achieves,acheives
formalize,formallize
themselves,themslves|themselfs
years,yaers|yersa|yeras|yeasr
talked,talekd
Scandinavia,scandanavia
occasionally,ocasionally|ocassionaly|ocasionaly|occationally|occassionally|ocassionally|occassionaly
criticized,critized
seeing,seing
shrunk,shrinked
microscopy,micoscopy
abortifacient,abortificant
hesitant,hesistant
process,proccess|proces
gangster,ganster
controversial,controversal|controvercial|controvertial|contravercial
southern,sourthern
challenged,challanged
third,thrid
dominant,dominent|dominiant
critics,criticists
synagogue,synagouge
pronouncements,prouncements
Guatemalan,Guatamalan
consciousness,consicousness|consiciousness|consciouness|conciousness
dalmatian,dalmation
around,aroud|arround|arund
rehearsal,rehersal
vigorous,vigourous
journeys,journies
passengers,pasengers
noncombatants,noncombatents
diphthongs,dipthongs|diphtongs
archetypes,archtypes
statesman,stateman
simultaneously,simultanously
forties,fourties
colony,collony
designing,desigining
challenge,challege|challange
demeanor,demenor|damenor
multiculturalism,multicultralism
majority,marjority|majoroty
temporary,temprary
write,wriet|rwite
wife,wief
expropriation,expropiation
plagiarism,plagarism
principal,pricipal
technology,technolgy|technnology
disaster,diaster
settlement,settlment|settelement
perverse,preverse
inherently,inherantly
recommendations,reccomendations|recommedations
trafficked,trafficed
ophthalmology,opthalmology
cassowary,cassawory|cassowarry
deity,diety
daughter,daugher
facilitate,faciliate|facillitate
adopt,addopt
decompose,decomposit
referendum,refedendum
intuitions,instutions
noticing,noticeing
possessions,posessions
promotion,pomotion
ammunition,amunition
chosen,choosen
yield,yeild
Mithraic,Mythraic
competitors,copmetitors
announcement,anouncement
continuing,continueing
attempts,attemts
metallurgy,metalurgy
knife,knive
perturbations,pertubations
blamed,blaimed
colossal,collosal
ironically,ironicly
cassette,casette
improvisation,improvision
symmetrically,symetrically|symmetricaly
spectrum,spectum
embarrassed,embarrased|embarassed
Guatemala,Guatamala
negligible,negligable|neglible
permissible,permissable
the,tghe|thge|teh|tje|tjhe
androgynous,androgenous
subterranean,subterranian
commonwealth,commonweath
conscious,consious|concious
addressable,addresable|adressable|adresable
magazine,magasine
abbreviation,abreviation
audience,audeince
combinations,combanations|combinatins
misspelled,mispelled
tentacle,tenacle
possessed,posessed
thief,theif
independently,independantly|indepedantly|indipendently|indpendently
republic,repblic|repubic|repulic|republi
spiritual,spriritual|spritual
receive,recieve
myriad,myraid
generally,generaly
steroids,steriods
convinced,conviced
ringing,rininging
ordered,orded
hypocrite,hypocrit
inequalities,unequalities
exhibitions,exibitions
penalty,penatly
separating,seperating
exoskeleton,exoskelaton
preoccupation,preocupation
condemnation,comdemnation
decisions,descisions
practical,practial
fascist,facist
mercantile,mercentile
mediterranean,mediterainnean
vilification,villification
only,onyl
environmental,enviromental|enviornmental|enviormental
supposing,suposing
acquisition,aquisition
idea,idaeidae
quickly,quicklyu
naive,naieve
performers,perfomers
soliloquy,soliliquy
confidential,confidental
liked,liekd
applied,aplied
worsened,worstened
effluence,effulence
incredible,incredable|increadible
poems,peoms
Napoleonic,Napoleonian
positive,postive
ultimately,ultimely
actually,actualy
processing,proccessing
rapid,repid
mystery,mistery
enormous,enourmous
asymmetric,assymetric
milieux,melieux
automated,auromated
performance,performence|perfomance
abbreviated,abreviated
compatible,compatable|compatiable
homogenized,homogeneized
quantity,quantaty|quantitiy
persistent,peristent|persistant
anointing,annointing
commercial,commerical|commericial
Champagne,Champange
misdemeanor,misdemenor|misdameanor
agreement,aggreement|agreeement|agreemnt
frequently,frequentily
detect,dectect
original,origional|orginal
rewrite,rewriet
marmalade,marmelade
accomplishments,acomplishments
sometimes,somtimes
negotiate,negociate
withhold,withold
fact,fatc
surprisingly,suprisingly|surprizingly|suprizingly
development,delevopment|devolopement|developement|develpment
America,Amercia
sincerely,sincerley
antarctic,antartic
culminating,culiminating
annulled,anulled|annuled
ridiculous,rediculous
poem,peom
expropriated,expropiated
relatively,relativly|relitavely|realitvely
likelihood,likelyhood
relevant,relevent
ratify,radify
rende,renedered
divide,devide
emissary,emmisarry|emmisary
lived,lieved
connotations,conotations|cannotations
yielding,yeilding
religious,religeous|religous
possesses,posseses|possessess|posesses
millennia,milennia|millenia
explain,expalin
device,divice
transformed,tranformed
reflect,refect
breakthroughs,breakthroughts
example,exemple|exmaple
merchandise,mechandise
pastime,pasttime
Ukrainian,Ukranian
impedance,impedence
considered,consdiered|concidered|considerd|consideres|consdidered
categorized,catagorized|catergorized
heard,heared
commissioned,comisioned|commisioned|comissioned
trustworthiness,trustworthyness
ninety,ninty
precisely,precisly
crocodiles,crockodiles
refusal,refusla
goddess,godess
phenomenal,phenomenonal
suburban,suburburban
reproducible,reproducable
Japanese,Japanes
reminiscent,reminescent|remenicent|reminscent|reminsicent
consolidated,consolodated
establishes,estabishes
deities,dieties
achieve,acheive
beleaguered,beleagured
dissatisfied,disatisfied
residing,reciding
capability,caperbility
interregnum,interrugum
toroidal,toriodal
clear,claer
reconstructed,recontructed
assassins,asssassans|assasins
delusively,delusionally
Ithaca,Ihaca
generating,generatting
occasional,ocasional|occassional|ocassional
satirically,satrically
difficulties,dificulties
octahedra,octohedra
proved,prooved
damage,dammage
studying,studing
translators,translaters
wholly,wholey
shadaloo,shadasloo|shadoloo
airborne,airbourne
stirring,stiring
substituted,substituded
inheritance,inheritence
Newfoundland,Foundland
caisson,casion
emitted,emited|emmitted|emmited
tradition,traditition
unconscious,unconcious
jurisdiction,juristiction
familiar,familliar
yourself,youself
municipality,munnicipality|muncipality
claims,claimes
salary,salery
pageant,peageant
parenthesis,paranthesis
games,ganes
from,frome
primarily,primarly
strategic,startegic
electrically,electricly
algebraic,algebraical
verification,verfication
strenuous,strenous
class,clas
implement,impliment
necessities,neccessities
architect,archetect|archictect|architecht
tolerance,tolerence
discomfort,unconfortability
recurrence,recurrance|reoccurrence
Skagerrak,Skagerak
acceleration,accelleration
identical,identicial|indentical
party,pary
libertarianism,libitarianisn
amongst,amoungst
commissioner,comisioner|commisioner|comissioner
legitimate,legitamate|legitmate
efficiently,effeciently|efficently
succeeding,suceeding
derogatory,derogitory
aviation,avation
pheromone,feromone
jurisdictions,juristictions
vilify,villify
genealogical,geneological
will,wiull|wille|iwll
powerful,poverful|poweful|powerfull
stainless,stainlees
multipliers,multiplers
hertz,hertzs
vegetables,vegitables
sneaks,sneeks
troubles,toubles
incomplete,imcomplete
variant,varient
decrees,decress
circulation,circulaton
seldom,seldomly
corridors,corridoors
approximately,aproximately|approximitely|approxiately|approxamately
transcendence,transcendance
holiday,holliday
species,speices
continued,contined
Zionists,Sionists
taxonomic,taxanomic
obstacle,obstacal
gnawed,gnawwed
commemoration,comemoretion
exact,excact
surreptitious,surrepetitious|surreptious
institutions,insitutions
cemetery,cementary|cemetarey|cemetary
annually,annualy
taking,tkaing
develop,develope
cumulative,cumulatative
professed,proffesed
procedure,procedger|proceedure
instruction,instuction
calligraphy,caligraphy
confides,confids
visible,visable
scavenged,scavanged
xenophobia,xenophoby
criticizing,critizing
define,deffine
diocese,diosese
trolling,troling
characteristics,charistics
economic,ecomonic
permission,premission
Pennsylvania,Pennyslvania
renovated,rennovated
unwieldy,unweildly|unwieldly
Mississippi,Missisippi|Missisipi
commitments,committments
February,Febuary|Feburary
ability,abilty
calculated,calulated|caluculated|caluclated
extraterrestrial,extraterrestial
encyclopedia,encylopedia
record,recrod|rocord
excellent,exellent|excelent|excellant|exelent
resistance,resistence
abandoning,abondoning
unhappy,unahppy
favourable,favoutrable
mathematics,mathematicas|mathamatics
meaning,meaninng
gauge,guage
metaphor,methaphor
Nullarbor,Nullabour
innocence,inocence
divided,devided
inventor,inventer
synchronization,syncronization
comparison,comparision
camouflage,camoflage
disappearance,dissapearance
sponsored,sponsered|sponzored
permanent,permenant|permanant
entanglements,entaglements
tonight,tongiht
moisture,mosture
businessman,buisnessman
chief,cheif
spermatozoon,spermatozoan
sunglasses,sunglases
compromise,comprimise
surreptitiously,surreptiously|surrepetitiously
catholic,cathlic
aggravates,aggaravates
addition,addtion
outstanding,oustanding
anointed,annointed
happened,happend|happended|happenned|hapened
absence,absense
purportedly,purpotedly
promoted,promotted
awarded,awared
regularly,reguarly|regularily
power,pwoer
metaphysical,mataphysical
response,responce|reponse
those,thsoe
libel,libell
interim,interm|interrim
casualty,casulaty
retaliation,retalitation
essential,essesital|essentual|essentail|esential|essencial
hierarchies,hierachies
calculus,calculs
inevitable,inevatible|inevitible
organise,orginize
certain,certian
healthcare,healthercare
subtracted,substracted
except,exept
strange,stange
aforementioned,aforememtioned
presumably,presumibly|presumabely
incompetent,incomptetent|incompetant
famous,famoust
attributed,attributred|atributed
destroy,destory
subpoena,sepina
architectures,architechtures
suspension,suspention
artificially,artifically
conform,coform
penetrator,penerator
large,larg
reincarnation,reicarnation
pioneered,pinoneered
privilege,privilage|privelege|privelige|privalege|priviledge|privledge
resurrection,ressurrection|ressurection
finite,fianite
clearly,claerly
even though,eventhough
period,preriod|preiod
initiative,initiaitive
himself,himselv|hismelf
seizures,siezures
aggregates,agregates
alleviate,alliviate
eliminating,eleminating
aerials,aeriels
activities,activites
assign,asign
visibly,visably
portrait,potrait|portait
Tolkien,Tolkein
invertebrates,invertibrates
linguistic,libguistic
erratically,eratically|eraticly
position,postion|possition
chairman,chariman
expected,expeced
abundant,abundunt
organism,organim
Cape Town,Capetown
rebellions,rebllions
drumming,druming
British,Brittish
ophthalmic,opthalmic
accomplished,acomplished
simply,simpley
very,veyr|vyer|vyre|vrey
appreciate,apprieciate
then,thne|thn
volleyball,voleyball
agriculture,agricuture
scalable,scaleable
interpret,interpet
sanctioning,sanctionning
bandwidth,bandwith
generate,ganerate
yacht,yatch
clearance,cleareance
feasible,feasable
implemented,implimented
realistic,realsitic
preceded,preceeded
definition,defintion|definiton
provocative,provacative
symmetric,symmetral|symettric
agreed,agred|aggreed
incorruptible,incorruptable
rarefied,rarified
portraying,portraing
sandwich,sandwhich
within,withing
directly,driectly
disciplined,disiplined
ordinarily,oridinarily
compatibility,compatiblity|compability|compatability|compatablity
attributes,atributes
primitives,primatives
expansion,exapansion
uncompetitive,uncompetive
cartridge,cartrige|cartdridge
computer,coputer|cmoputer
Sistine,Sixtin
equatorial,equitorial
criticised,crticised
exacerbate,exerbate
careers,carrers
binomial,binominal
premillennial,premillenial
received,recieved|recived
workstation,workststion
Heidelberg,Heidelburg
organization,organiztion
estimated,esitmated
pamphlet,pamflet|pamplet
constitutional,constituional|consitutional
money,moeny
pregnancies,pregancies
anything,anytying
characterized,charaterized|caracterized
finally,finaly|fianlly
corresponds,corrisponds
Galatians,Galations
threatening,threatning
light years,lightyears
contributor,contributer
thereafter,therafter
inevitably,inevititably
fictitious,fictious|ficticious
bankruptcy,banruptcy|bankrupcy
diphthong,diphtong|dipthong
they,tehy|tyhe|htey
centuries,centruies
divisions,divisons
arrangements,arrangments
enameled,enameld
philosophies,philosphies
designed,desgined|dessigned
defiance,definance
smelting,smealting
particularly,particuarly|particularily|particulary|particually
aficionado,afficionado
accommodations,accomodations|accomadations
they're,theyre
centennial,cententenial
distinguishing,distingishing
sidereal,sideral|sedereal
intervene,intevene
foundries,foundaries
town,twon
misogynist,mysogynist
comparatively,comparitively
extinct,exinct
strengthening,strenghtening|strenghening
make,amke|mkea|mkae
ideas,idaes
structure,sturcture|stucture
success,succsess|sucess
offerings,offereings
spectaculars,spectaulars
fourth,fouth
ceremonious,cerimonious
separately,seperately
forerunner,forunner
unsuccessfully,unsucesfuly|unsucessfully|unsuccesfully
degrade,degrate
airports,airporta
oxygen,oxigen
almost,almsot|alomst
prolegomena,prologomena
admissibility,admissability
strengthen,strenghten|strenghen
precedes,preceeds
computerized,computarized
sought,saught|seeked
misdemeanors,misdemenors|misdameanors
exonerate,exonorate
literally,literaly|litterally
covenant,convenant
virtually,virtualy|virutally
connected,conected
embarrassing,embarassing|embarrasing
receiver,reciever
opposition,oppositition|oposition
casualties,casulaties|causalities
immediately,emmediately|immidately|immediatly|imediately|immidiately|immediatley
corrosion,corosion
receives,recieves
officially,offically|officaly|offcially|officialy
ministry,minstry|ministery
transcendental,transcendentational
drumless,drummless
midwives,midwifes
hoisted,hosited
fluorine,flourine
aesthetic,asthetic
swears,swaers
aggrieved,agrieved
substances,subtances
into,inot
pollinators,polinators
maneuver,manuver
maintained,mantained
indispensable,indespensible|indispensible|indespensable
illegitimate,illegitmate
breakthrough,breakthough
exercising,execising
announced,anounced|annouced
anarchism,anarchim|anarchistm
whether,whther
just,jstu|jsut
adolescent,adolecent
perturbation,pertubation
nuclear,nuculear|nucular
muslims,mohammedans
benefit,benifit
swear,swaer
refrigerator,refridgerator
crystallisation,crystalisation
consummated,consumated
screenwriter,screenwrighter
acquire,adquire|aquire
subtracts,substracts
forty,fourty
supplemented,supplamented|suplimented
hygiene,hygeine
forfeit,forfiet
aerial,aeriel
pleasant,plesant|pleasent
rhythmic,rythmic|rhytmic
domination,dominaton
review,reveiw
clearer,claerer
pitch,pich
maneuverability,manoeuverability
exiled,exliled
caucuses,cacuses
suicide,sucide
recommending,reccomending|reccommending|recomending
protection,pretection
targeted,targetted
regards,regardes
issuing,issueing
guaranteed,gaurenteed|garanteed|guarenteed|gauranteed|guranteed
plaintiff,plantiff
same,smae
transcendent,transcendant|trancendent
accuracy,acuracy
besieged,beseiged
successful,succsessfull|sucesful|sucessful|succesful|sucessfull|successfull
techniques,techiniques
Israelis,Israelies
sacrificial,sacrifical
children,childen
popularity,popularaty
densely,densly
inadvertent,inadvertant
frontier,froniter
emphasis,emphsis
ceremonies,cerimonies
throughout,thoughout|througout
piece,peice
shortly,shorly
foreword,foreward
elephant,elphant
destructive,distructive
hypocrisy,hypocrasy|hypocracy|hypocricy
countries,counries|ocuntries|countires
autochthonous,autochtonous|autoctonous
provided,provded
enforcing,enforceing
colleagues,collegues
headquarter,headquarer|headquater
radioactive,radiactive
traffic,trafic
prepare,prepair
fighting,fightings
tendencies,tendancies
perseverance,perseverence
reference,referece|refrence|rference|referemce|refference|referrence|referenece
ingenious,ingenius
decision,descision|decison
canister,cannister
oppose,opose
galaxies,gallaxies
omission,ommision|omision
anthropomorphization,anthromorphization
connived,conived
financially,financialy
affiliate,affilliate|affilate
exciting,exicting
volume,volumne
analytic,analitic
emphasised,emphaised
continuous,continous
rabbinical,rabinnical
alleged,aledged|alledged|aleged
briefly,breifly
careful,carefull
blessing,blessure
omnivorously,omniverously
persuading,pususading
aggressive,agressive|aggresive
sheriff,sherif
happen,hapen|ahppen
membranophone,membranaphone
examined,examinated
learn,leran
their,thier|theri
Michigan,Michagan
million,milion|millon
working,wroking|wokring
pomegranate,pomegranite
eliminated,eleminated
extradition,extradiction
phenomena,phenonmena
anywhere,anyhwere
pessary,pessiary
commemorating,commemmorating
mentioned,maintioned
mucous,mucuous
molecules,moleclues
initiation,initation
devastating,devestating|devistating
pursuing,persuing
personality,perosnality
became,becamae
controlling,controling
guarantees,gaurentees|garantees|guarentees|gaurantees|gurantees
equipment,equippment
emphysema,emphysyma
deliberately,deliberatly
perjury,perjery
reside,recide
precursor,precurser
strictest,strictist
rebuilding,rebiulding
harassment,harassement|harasment|harrassment|harrasment
habeas,habeus|habaeus
transformation,transformaton
parliamentarian,paliamentarian
advanced,adavanced
distribution,distrubution
benefits,benifits
exercises,exerciese
surveillance,surveilence
mischievous,mischievious|mischeivous|mischevious
versions,verisons
dreams,dreasm
expressed,exressed
completely,completelyl
component,componant
tyrannies,tyrranies|tyranies
broke,borke
Massachusetts,Massachussets|Massachussetts
financial,finacial
purposely,purposedly
decidable,decideable
consonant,consonent
employs,imploys
renown,reknown
restaurateurs,restauranteurs|restaraunteurs
accidentally,accidently|accidentaly
imbalanced,inbalanced
criterion,critereon
contribute,contibute
happening,hapening
interfering,interfereing
contributions,contritutions
fulfilled,fufilled|fulfiled|fullfilled
unknown,unkown
surround,suround
contemporary,contempory|contamporary|contempoary
hydrophilic,hydropilic
journey,jouney
New Yorker,Newyorker
somewhere,somwhere
aggressor,agressor
laid,layed
alleges,aledges|alledges
siege,seige
flight,glight
childbirth,childbird
signatories,signitories
bilaterally,bilateraly
vengeance,vengence|vengance
imprisoned,imprioned|imprisonned|emprisoned
harassments,harrassments|harrasments|harasments
widespread,widesread
classically,clasically
formidable,formidible
whole,wohle|hwole
propagation,propogation
reached,reched
stability,stablility
aesthetically,asthetically
despair,dispair
separatism,seperatism
armistice,armistace
survivor,surviver
acquaintance,acquiantence|acquaintence|aquiantance|aquaintance
premiere,premeire
campaigns,campains
disorder,desorder
imbalance,inbalance
inflammation,inflamation
resignment,resignement
eventually,eventally|eventualy|eventially|evenhtually
overwhelming,overwheliming|overwelming
successes,succcesses|sucesses
space,spoace
valletta,valetta
evidently,evidentally
correspondents,correspondants|corrispondants
essentially,essentialy
what,waht|whta
imitate,immitate
transferring,transfering
persuaded,pursuaded|persuded
harassed,harrassed|harrasses|harrased|harased
rhythm,rythem|rhythim|rhythem|rythm|rythim
enhancement,enchancement
pursuit,persuit
metallic,metalic
anthropologist,anthropolgist
constituents,constituants
cartographer,carthographer
headquartered,headquatered
real,rela
immigrants,inmigrants
heaviest,haviest
partially,partialy
introduced,intrduced|itnroduced|intruduced|introdued|inctroduced
beginning,begining|beginnig|beggining
assassination,assassintation|assosication|assasination
resurrecting,resurecting|resssurecting
separatist,seperatist
curriculum,curriculem|ciriculum
hasn't,hasnt
communications,commuications|commuinications
prevalent,prevelant
consistently,consistantly
concentrated,consentrated
defendants,defendents
categorize,catergorize
algorithm,algoritm
want to,wanna
erupted,errupted
asian,aisian
principle,priciple
dramatic,dramtic
approaches,approachs
described,decribed|discribed|descibed
impeccably,impecabbly
strand,strnad
discussed,dicussed
surroundings,suroundings
nasalisation,ansalisation
conventional,convential
institution,insitution
demonstration,demostration
inhabitants,inhabitans
asphyxiation,asphyxation
assist,assit
thinks,thikns
relinquishment,relinqushment
musical,muscial
marketing,marketting
accommodate,accomdate|accomadate|accomodate|acommodate
dissemination,disemination
regardless,irregardless
already,allready|alreayd|aready
charismatic,carismatic|charasmatic
destabilized,destablized
forbidden,forbiden
certainty,certainity
strengthened,strenghened|strengtened|strenghtened
synonyms,synonymns
omnivorous,omniverous
Russian,russina|Russion
unconstitutional,uncontitutional
unanimous,unanymous
between,beween|vetween|betwen|inbetween|bewteen
infiltrate,infilitrate
populations,poulations
shipped,shiped
notable,noteable
disapproval,disaproval
beginnings,begginings
highway,higway
synonymous,synonomous
aggregate,agregate
disappears,dissappears|dissapears
foreseeable,forseeable
desirable,desireable
Dardanelles,Dardenelles
knowledge,knowlege
mineral,minerial
disconnects,diconnects
stomach,stomache
vegetarian,vegatarian
persuades,pursuades
idiosyncratic,ideosyncratic
harasses,harrases|harases
exploitative,exploititive
Fahrenheit,Farenheit
missile,missle|misile
structural,structual
rule,rulle
abbreviate,abreviate
thorough,throrough
allotted,alotted
autobiography,authobiography
receivership,recivership
significant,signficant|signficiant|siginificant|signifigant
competitive,competative|competive
rewritten,rewitten
descendant,decendant|decendent
linnaean,linnaena
sorcerer,sorceror
mizzen,missen
captured,captued|capturd
need,ened
appropriate,appropiate|appropropiate|apropriate|appropraite
undecidable,undecideable
pseudo,psuedo
typically,typicaly
incarcerated,incarcirated
mentally,menally
formalized,formallized
concentrates,consentrates
saving,saveing
documents,doccuments
detailed,detailled
else,alse|esle
currently,currenly
mechanics,mchanics
describes,decribes|descriibes|discribes
sensitive,senstive
corresponded,corrisponded
physically,physicaly
experiments,expeiments
struggling,stuggling
alcohol,alcohal|alochol|alchohol|alchol
world,worls
controversy,controversey|controvery|contraversy|controvercy
professional,proffesional
fertility,fertily
disputandum,disputandem
preferring,prefering
Maltese,maltesian
alternatives,alternitives
parade,perade
vacuum,vaccume|vaccum
autobiographic,authobiographic
electricity,eletricity|electricty
millipede,millepede
voluntary,volontary
stop,stpo
friends,firends
supposedly,supposingly|suposedly
receding,receeding
nineteenth,ninteenth
across,accross
brethren,brethen|bretheren
availability,availablity
apologies,appologies
attendant,attendent
like,liek|liuke
caliber,calaber
style,sytle|stlye
rococo,rococco
grow,grwo
infallible,infallable
unforgettable,unforgetable
movement,movment
destruction,distruction|desctruction
renovate,rennovate
atheistic,atheistical
garrison,garnison
processor,processer
episode,epsiode
Puccini,Pucini
strategically,stratagically
unwarranted,unwarrented
Europeans,Europians
succeed,suceed
preparatory,prepatory
magician,magincian
acquired,aquired|adquired
short while,shortwhile
misspell,mispell
pursuits,persuits
disparagingly,disparingly
perceive,percieve
church,chuch|curch
notably,noteably|notabley
separated,seperated
Britain,Britian
doesn't,doesnt|dosen't
probabilistic,probablistic
clinically,clinicaly
corporations,corperations|coorperations
aggression,agression
Carnegie,Carnigie|Carnagie
everything,everthing|everyting
arguably,argubly
preeminence,preminence
spread,spreaded|spred
upcoming,upcomming
environmentally,enviornmentally|enviromentally|enviormentally
ideology,idealogy
proclamation,proclomation|proclaimation
version,verison
endeavour,endevour
cognizant,cognizent
chemistry,chemestry
shipping,shiping
absorbed,asorbed
necessitate,necessiate
template,tempalte
dependence,dependance
nutrients,nutritents
Palestinian,Palistian|Palistinian
exacerbated,exerbated
prophecy,prophacy
surprising,surprizing|suprising|suprizing
ascetic,asetic
mammal,mamal
memento,momento
November,Novermber
distinctive,disctinctive
archaic,archiac
districts,disricts
people,peopel
regular,regluar
similarity,similiarity
immigrant,inmigrant
nighttime,nightime
communities,communites
constituent,constituant
evil,efel
discovering,dicovering
hydrophobic,hydropobic
missionary,missonary
daiquiri,dacquiri
repetition,repetion|reptition|repeition
vermilion,vermillion
exaggerate,exagerate|exagerrate
leisure,liesure
view,wiew
document,doccument
venomous,venemous
early,eearly
address,adress|adres
variety,vriety|variey|vreity|varity
trafficking,trafficing
abseil,absail
nouveau,noveau
prairie,prairy|prarie
anomaly,anomoly
petition,petetion
adequate,adecuate|adequit
sovereignty,soverignty|soverignity|sovereignity
isn't,isnt
apologetics,apolegetics
preferably,preferrably
acquires,adquires
consciously,conciously
intuitively,intutively
buoyancy,buoancy|bouyancy
morocco,morrocco|morroco
assassinations,assasinations
stubbornness,stubborness
socialism,socalism
canisters,cannisters
perhaps,perhpas|perheaps|perhasp|perphas
accreditation,accrediation|accredidation
scroll,scoll
genitalia,genialia
recognized,reconized
answered,anwsered
heredity,heridity
hierarchy,heirarchy|hierachy|hierarcy
apparently,apparantly
separates,seperates
albeit,albiet
inappropriate,inappropiate
assault,assualt
personnel,personell|personnell
television,telelevision|televsion
system,sytem
volunteers,volonteers|volounteers
permanently,permenantly
authority,authorithy|autority
potatoes,potatos
author,auther|autor
take,tkae
a vengeance,avengence
comeback,comback
other,otehr
expatriate,expatriot
besieging,beseiging
vegetable,vegtable|vegitable
honour,hounour
scientific,scientfic|scientifc
criteria,criterias
allowing,alowing
imitated,immitated
says,syas
pollution,polution
latitude,lattitude
acknowledged,acknowldeged
auxiliary,auxilary|auxillary|auxilliary
information,infomation|informtion
philosophy,philosphy|philisophy
further,furuther|futher
transcending,trancending|transending
science,scince|scinece
erratic,eratic
graffiti,grafitti
extraordinarily,extrordinarily
international,intenational|interational|internation
endoliths,endolithes
comedic,commedic
following,folowing|follwoing
ubiquitous,ubiquitious
exhibition,exhibtion|exibition
Philippine,Phillipine
remaining,remaing
aborigine,aborigene
distinguish,distingish
secretary,secretery|secratary
before,befoer|bedore
dependency,dependancy
nonsense,nonsence
all-time,alltime
torpedoes,torpeados|torpedos
imprisonment,inprisonment
next,enxt
football,foootball
presidential,presedential|presidenital|presidental
which,whcih|whic|whihc|whlch|hwihc
controversies,controveries
separate,seperate
distinguished,distingquished|distingished
destined,desitned
roughly,rougly
considers,conciders
slightly,slighly
polysaccharide,polysaccaride|polysaccharid
eminently,emminently
recipients,reciepents|recepients|recipiants
devastated,devasted|devestated
consolidate,consolodate
completed the,completedthe
rebound,rebounce
guerrilla,guerrila
specific,specfic
caterpillar,caterpiller|catepillar|caterpilar|catterpillar|catapiller|catterpilar|catapillar
suffering,sufferring
susceptible,suseptable|suseptible
revolutionary,revolutionar
boundary,boundry|bondary
caring,careing
amateur,amatuer
lothringen,lotharingen
helpful,helpfull
redeeming,reedeming
recall,reacll
phonograph,phongraph
cocktail,coctail
volcano,volcanoe
renovation,rennovation
no one,noone
disintegrated,desintegrated
infiltration,infilitration
territory,terriory|territoy
committing,commiting|comitting|comiting
eclipse,eclispe
validity,vailidty
learns,lerans
solitary,solatary
documented,doccumented
preamble,preample
great,grat|graet|gerat
administrative,adminstrative|admininistrative
introduce,inctroduce
exploitation,explotation
Puerto Ricans,Puertorricans
meteorologist,meterologist
accomplishment,acomplishment
threshold,threshhold
humanoid,huminoid
competition,competitiion
pronounced,pronouced|pronounched
warranty,warantee
administrate,adminstrate
passed,pased
signifies,signfies
Sanhedrin,Sanhedrim
political,polical|poltical
coordination,coordiantion
home state,homestate
egregious,aggregious
investigate,investingate
length,lenght
Joseph,Jospeh
plausible,plausable
surveyor,surveyer
protagonists,protaganists
private,privte
privileged,priveliged|priveleged
tongue,tounge
distinguishes,distingishes
monasteries,monestaries
scenarios,senarios
indict,indite
achievement,acheivment|achievment|achivement|acheivement
syphilis,syphyllis
want,wnat|whant|watn
commando,comando
subsequent,subsquent
took,toke
healthy,heathy
Morissette,Morrisette|Morisette
allophone,allopone
repeatedly,repeteadly
pronominal,pronomial
Spanish,spainish
draughtsman,draughtman
levitate,levetate
tattoos,tattooes
Malcolm,Malcom
through,thru
beautiful,beautyfull|beatiful
playwrights,playwrites
study,studdy
contributors,contributers
inaccessible,inaccessable
thieves,theives
marks,markes
someone,somene
duplicate,dupicate
establishing,establising
predecessors,predecesors
conquered,conquerd|conqured
equipped,equiped
responsibilities,responsiblities|responsibilites|responibilities
classic,clasic
planned,planed
abuts,abutts
associate,assoicate
consternation,constarnation
shining,shineing
occasioned,ocasioned|occassioned|ocassioned
classical,clasical
shriek,shreak
meteorology,meterology
illness,ilness|illess
guerrillas,guerrilas
colonizers,colonizators
contaminate,contaiminate
time,timne
suffered,sufferred
consortium,consorcium
entertainment,enteratinment
work,wrok|owrk|wokr
flourish,fluorish
remnant,reminent|remenant
economy,eceonomy
caterpillars,caterpilars|catterpilars|caterpillers|catterpillars|catapillars|catapillers|catepillars
statement,statment
mountains,montains
liquefy,liquify
regulators,regulaotrs
resemble,ressemble
admitted,admited
forbade,forbad
memorable,rememberable
encryption,encryptiion
obsession,obession
combustion,combusion
probability,probabilaty|probalibity
Brazilian,Brasillian
fascinated,facinated
advertisements,advertisments
infallibility,infalability
published,publisheed
loneliness,lonelyness
helped,helpped
belgium,beligum
algorithms,algoritms|algorhitms
enlargement,enlargment
peaceful and,peacefuland
decommissioned,decomissioned
Montserrat,Monserrat
sacrilegious,sacreligious
artificial,artifical
metallurgical,metalurgical
individuals,indviduals
privileges,priveleges|privaleges|priviledges|privelleges|priveliges|priveledges
extraordinary,extrordinary
remembrance,rememberance|remembrence
fought,faught|fougth
tentacles,tenacles
amused,ammused
wanted,wnated
Nuremberg,Nuremburg
functioning,fucntioning
possession,possesion|posession
fiercely,fiercly
ceremony,cerimony|ceromony
assassinated,assasinated|assasined
absolutely,absolutly
lieutenant,lieuenant|leutenant
backgrounds,backrounds
neolithic,neolitic
republican,repblican|repulican|republian|repubican
temporarily,tepmorarily|temperarily
as well,aswell
stringent,stingent
virtual,virutal
superseded,superceeded
distinction,distiction|disctinction
abandon,adbandon|abondon
competitiveness,competiveness
families,fimilies|familes
readmission,readmition
government,goverment|govenrment|govenment|governmnet|govorment|govement|govornment
definitely,definately|definatly|definitly|definetly
practice,pratice
segmentation,segementation
consonants,consonents
dispensed,dispenced
recommend,recomend|reccommend|reccomend
aqueduct,aquaduct
appearance,appereance|appeareance|apperance|apprearance|appearence
dryas,dyas
explanation,explaination
versatility,versitlity|versitilaty
constantly,constanly
Palestinians,Palistinians
arranged,aranged
contingent,contigent
notoriety,noteriety
dimensions,dimenions|dimentions
judicial,juducial|judical
dimension,dimention
opposite,oposite
philosophically,phillosophically
phonetic,fonetic
parallelly,parallely|parrallely|paralelly|parrallelly|paralely
flammable,flamable
larry,larrry
entitled,entitlied
collateral,colateral
primordial,primordal
precise,precice
chiefs,cheifs
jeopardy,jeapardy
unnecessary,unnecesary|unecessary|uneccesary|unneccesary|unneccessary
theater,theather
debatable,debateable
wielded,weilded
singsong,singsog
publisher,publusher|puplisher|publihser|oublisher|ublisher|ppublisher|publiaher|publisherr|publicher|publsiher|publishre|pbulisher|publlisher|publishher|pulisher|publisger|publiser|pubisher|piblisher|pubilsher|publishor|publissher|publisehr|pblisher
prairies,praries
transsexuals,transesxuals
arbitrary,abritrary|arbitary
unbalance,unballance
reelected,relected
although,allthough|altough|althought|altho
pursue,persue
portuguese,portuguease
ameliorate,amerliorate
earliest,earlies
immense,imense
configurable,configureable
Godunov,Godounov
spoonfuls,spoonfulls
protagonist,protoganist|protaganist
difficulty,dificulty|difficulity
compiler,complier
infinite,infinit
script,scirpt
autonomous,automonomous
irrelevant,irelevent|irrelevent
considering,concidering
exceedingly,exeedingly
dependent,dependant
ideologies,idealogies
millennium,milennium|millenium
efficiency,efficency|effeciency
independent,independant|indipendent|independendet|indpendent
perpendicular,perpindicular
recommended,reccomended|reccommended|recomended
manufacture,manufature
unpleasant,unplesant
entity,entitity
subtraction,substraction
honorary,honory
ancestry,ancestory
architecture,archetecture|architechture
opportunity,opprotunity|oportunity
disastrous,disasterous|disatrous
environmentalist,enviornmentalist|enviromentalist
twelfth,twelth
assassinates,assasinates
incompatible,incomptable|incompatable
ophthalmologist,opthalmologist|opthamologist
apparent,apparant|aparent
evolutionary,envolutionary
provincial,provinicial|provicial
foretelling,fortelling
streamlining,streemlining
illegal,illiegal
Montana,Montnana
interpretation,intepretation
Saturday,Saterday
omitting,ommiting|ommitting|omiting
successfully,sucesfuly|sucessfully|sucesfully|succesfully|succesfuly|sucessfuly|successully
derivative,derivitive
pedestrian,pedestrain
unilateral,unilatreal
always,alwasy|alwyas
sound,soudn
shield,sheild
amendments,ammendments
bureaucracy,beaurocracy
defining,definining
lethal,leathal
censure,sensure
occurring,occuring
whereabouts,wereabouts
beginners,begginers
heroes,heros
previous,previvous
history,hstory
buried,burried
patented,pattented
nasalization,ansalization
aggressively,agressively
together,toghether
politicians,politicans
executed,excecuted|exectued
preparation,preperation|prepartion
lipizzaner,lippizaner
incorporation,incorperation
musician,muscician
essence,essense
noticeable,noticable|noticible
league,leage
Mediterranean,Mediteranean
trust,tust
obedient,obediant
cruises,crusies
releases,releses
violence,violentce
symmetry,symetry
integration,intergration
embarrassment,embarrasment|embarassment
harass,harras
incompetence,incompetance
characters,charactors|cahracters|charachters
background,backgorund
administered,adminstered
Buddha,Buddah
restaurants,resteraunts|restarants|resturants|restaraunts|resturaunts
optimism,optomism
institute,institue
pollute,polute
confidentially,confidentally
desperation,despiration
plateau,plateu
filament,filiament
acquitted,aquitted|acquited
discontent,discontentment
crucifixion,crucifiction
intercontinental,intercontinetal
Pharaoh,Pharoah
engagement,engagment
referral,referal
metamorphosis,metamorphysis
electrical,electrial
usage,useage
constraints,constaints
emissaries,emmisaries|emmisarries
diminutive,diminuitive|dimunitive
splendour,spendour
imagine,imagin
returned,returnd
administration,adminstration
congratulations,congradulations
language,laguage
alcoholic,alcoholical|alcholic|alchoholic
advised,adviced
variations,varations
repertoire,reprtoire
excerpt,exerpt
usually,ususally|usally|usualy
depict,despict
preceding,preceeding
democracy,demorcracy
interrelated,interelated
universities,univesities|univeristies
earned,earnt
volunteer,volounteer|volonteer
disenchanted,disenchanged
condemned,condemmed|condamned
obstacles,obstancles
adventurous,adventrous
construction,constuction|contruction|consttruction
grammatically,gramatically|grammaticaly
incrementally,incramentally
advertisement,advertisment
suppose,supose
polluting,poluting
over there,overthere
individually,individualy
talking,tlaking
relieve,releive
collective,colelctive
resembled,ressembled
atheism,athiesm
metaphors,methaphors
ancestors,ansestors
inauguration,inaguration
pseudonymous,pseudononymous
subcategories,subcatagories
resurrect,ressurect
guidance,guidence
executes,excecutes
oppressive,opressive
predominately,predomiantly
summary,sumary
recreational,recrational
penis,poenis|p0enis
humorous,humurous
today,todya
unnecessarily,unnecesarily|unneccesarily|unneccessarily
higher,heigher|higer
perennially,perenially
translator,translater
insectivorous,insectiverous
putting,puting
convertibles,convertables
wants,wnats|whants
resistant,resistent
being,beng
enormously,enourmously
appearances,appereances|appearences|apperances
protuberances,protruberances
actively,activly
environments,enviornments|envrionments|enviorments|enviroments
aficionados,afficianados|afficionados
more,mroe|omre
Peloponnesus,Peloponnes
murdering,mudering
Dravidian,Dravadian
societies,socities
similarly,similarily|similiarly
campaign,campain
towards,towords
illusion,illution
peculiar,peculure
Carnegie-Mellon,Carnigie-Mellon|Carnagie-Mellon
nonoperational,unoperational
skating,skateing
Habsburg,Habsbourg
emitting,emmitting|emiting|emmiting
